{"locations":[{"name":"Gym „Strong“","lat":42.0012538,"long":21.3976079,"rating":4.7},{"name":"Pilates Point","lat":42.00267789999999,"long":21.3952984,"rating":5},{"name":"Legion","lat":41.9994263,"long":21.4008494,"rating":4.2},{"name":"FITNESS CLINIC","lat":42.0073118,"long":21.3763671,"rating":4.7},{"name":"Kinetics Fitness Studio","lat":41.9956185,"long":21.4123866,"rating":5},{"name":"Fitness Forma","lat":42.00506619999999,"long":21.3845831,"rating":5},{"name":"Fitness Challenge","lat":42.0057602,"long":21.3826714,"rating":4.9},{"name":"Fitness Club Fit","lat":41.9966995,"long":21.4154198,"rating":4.3},{"name":"ATG Macedonia Gym","lat":41.9917791,"long":21.3929299,"rating":5},{"name":"Kan Gym","lat":41.9979143,"long":21.3848766,"rating":4.8},{"name":"EMS Fitness","lat":41.9923748,"long":21.4119503,"rating":5},{"name":"FitHub","lat":42.0090736,"long":21.4042897,"rating":5},{"name":"Fit One - OU Vlado Tasevski","lat":41.996277,"long":21.3958216,"rating":4.6},{"name":"Play Fit Move Fitness & Wellness","lat":41.9969611,"long":21.4039455,"rating":4.6}]}