{"locations":[{"name":"Hotel „Garden Spa“","lat":41.9929935,"long":21.4075309,"rating":4.5},{"name":"Hotel „Karpoš“","lat":42.0018287,"long":21.4074628,"rating":4.1},{"name":"Hotel „Portal“","lat":42.0139639,"long":21.402923,"rating":4},{"name":"Hotel „Story“","lat":42.0141642,"long":21.4082472,"rating":4.6},{"name":"Hotel „Aleksandar Palace“","lat":42.0107872,"long":21.4055954,"rating":4.4},{"name":"Hotel „Kozle“","lat":41.9942664,"long":21.4067604,"rating":4.5},{"name":"Elizabeth","lat":41.9971103,"long":21.3925394,"rating":4.2},{"name":"Hotel „Evro Set“","lat":42.0156235,"long":21.3976623,"rating":4.5},{"name":"Hotel „Pine“","lat":41.9941558,"long":21.4072955,"rating":4.3},{"name":"Living Rooms apartments","lat":41.9946189,"long":21.3999069,"rating":4.8},{"name":"Hotel „Kapištec“","lat":41.9941525,"long":21.4068593,"rating":4.4},{"name":"Magnolia Apartments","lat":41.9942735,"long":21.412573,"rating":4.4},{"name":"Hotel „Aristocrat“","lat":41.9905891,"long":21.4139369,"rating":4.4},{"name":"ARS Rooms & Apartments Skopje","lat":41.990171,"long":21.406125,"rating":4.5},{"name":"Hotel „Dolce International“","lat":42.0009399,"long":21.4149132,"rating":4.1},{"name":"Slatkarnica „Vaflite od Karpoš“","lat":42.0040388,"long":21.3978331,"rating":0},{"name":"TCC Grand Plaza","lat":41.9970727,"long":21.4039815,"rating":4.3},{"name":"ibis Styles Skopje","lat":41.9984831,"long":21.3922825,"rating":4.1}]}